{"stat.chestOpened":6,"stat.drop.randomthings.biomecrystal":1,"stat.walkOneCm":95571,"stat.pickup.minecraft.bone":1,"stat.leaveGame":1,"stat.pickup.minecraft.crafting_table":1,"stat.killEntity.raider":1,"stat.craftItem.minecraft.crafting_table":1,"stat.mineBlock.better_diving.seagrass":1,"stat.pickup.better_diving.seagrass":1,"stat.pickup.minecraft.log":31,"stat.useItem.minecraft.rotten_flesh":4,"stat.mineBlock.minecraft.stained_glass":8,"stat.jump":604,"stat.swimOneCm":11383,"stat.pickup.quark.glass_shards":19,"stat.climbOneCm":5063,"stat.fallOneCm":17470,"stat.pickup.capsule.capsule":3,"stat.drop.minecraft.dye":3,"stat.drop.minecraft.sapling":1,"stat.crouchOneCm":126,"stat.craftItem.minecraft.chest":1,"stat.pickup.minecraft.sapling":2,"stat.pickup.minecraft.dirt":67,"stat.useItem.minecraft.dirt":2,"stat.sprintOneCm":43344,"stat.useItem.minecraft.stone_slab2":4,"stat.pickup.bionisation3.ancientflower":1,"stat.pickup.randomthings.biomecrystal":1,"stat.pickup.minecraft.skull":2,"stat.craftItem.minecraft.stick":12,"stat.craftItem.minecraft.wooden_axe":1,"stat.craftingTableInteraction":2,"stat.pickup.minecraft.rotten_flesh":2,"stat.pickup.raiders.brute_serum_sample":1,"stat.pickup.minecraft.sand":1,"stat.craftItem.minecraft.planks":52,"stat.mineBlock.better_diving.seagrass_tall_bottom":1,"stat.mineBlock.minecraft.crafting_table":1,"stat.damageTaken":446,"stat.pickup.minecraft.feather":2,"stat.mobKills":3,"stat.mineBlock.biomesoplenty.double_plant":1,"stat.mineBlock.biomesoplenty.plant_1":1,"stat.mineBlock.minecraft.log":30,"stat.mineBlock.biomesoplenty.plant_0":1,"stat.pickup.minecraft.dye":3,"stat.flyOneCm":183175,"stat.deaths":1,"stat.drop":6,"stat.mineBlock.minecraft.sand":1,"stat.mineBlock.minecraft.leaves":1,"stat.playOneMinute":19198,"stat.mineBlock.bionisation3.ancientflower":1,"stat.entityKilledBy.Zombie":1,"stat.sneakTime":374,"stat.craftItem.minecraft.stained_glass":1,"stat.damageDealt":250,"stat.killEntity.Zombie":1,"stat.timeSinceDeath":6806,"stat.useItem.minecraft.wooden_axe":25,"stat.pickup.minecraft.yellow_flower":1,"stat.drop.minecraft.log":1,"stat.mineBlock.minecraft.dirt":67,"stat.diveOneCm":5891}